{"cameraMode":{"drawMode":0,"name":"Shaded","section":"Shading Mode"},"sceneLighting":false,"audioPlay":false,"sceneViewState":{"m_AlwaysRefresh":false,"showFog":true,"showSkybox":false,"showFlares":true,"showImageEffects":true,"showParticleSystems":true,"showVisualEffectGraphs":true,"m_FxEnabled":true},"in2DMode":false,"pivot":{"x":-0.0969909057021141,"y":-0.0031860526651144029,"z":-0.2932785749435425},"rotation":{"x":0.3079800009727478,"y":-0.20615722239017487,"z":0.06854720413684845,"w":0.926257312297821},"size":0.6621059775352478,"orthographic":false}