{"cameraMode":{"drawMode":0,"name":"Shaded","section":"Shading Mode"},"sceneLighting":true,"audioPlay":false,"sceneViewState":{"m_AlwaysRefresh":false,"showFog":true,"showSkybox":true,"showFlares":true,"showImageEffects":true,"showParticleSystems":true,"showVisualEffectGraphs":true,"m_FxEnabled":true},"in2DMode":false,"pivot":{"x":-13.60356330871582,"y":1.1386921405792237,"z":-0.7010110020637512},"rotation":{"x":0.025448618456721307,"y":0.5888527035713196,"z":-0.018554966896772386,"w":0.8076266646385193},"size":0.4330126941204071,"orthographic":false}