{"cameraMode":{"drawMode":0,"name":"Shaded","section":"Shading Mode"},"sceneLighting":true,"audioPlay":false,"sceneViewState":{"m_AlwaysRefresh":false,"showFog":true,"showSkybox":true,"showFlares":true,"showImageEffects":true,"showParticleSystems":true,"showVisualEffectGraphs":true,"m_FxEnabled":true},"in2DMode":false,"pivot":{"x":0.8953855633735657,"y":-1.5951217412948609,"z":-16.287410736083986},"rotation":{"x":-0.0015816281083971263,"y":0.9927433729171753,"z":-0.11970434337854386,"w":-0.013108043931424618},"size":7.088723659515381,"orthographic":false}