{"cameraMode":{"drawMode":0,"name":"Shaded","section":"Shading Mode"},"sceneLighting":false,"audioPlay":false,"sceneViewState":{"m_AlwaysRefresh":false,"showFog":true,"showSkybox":false,"showFlares":true,"showImageEffects":true,"showParticleSystems":true,"showVisualEffectGraphs":true,"m_FxEnabled":true},"in2DMode":false,"pivot":{"x":-0.04266822338104248,"y":-0.03948588669300079,"z":-0.12096451967954636},"rotation":{"x":0.17326951026916505,"y":-0.3434380292892456,"z":0.06462644040584564,"w":0.9207900166511536},"size":0.5847007632255554,"orthographic":false}